{
	"skin-name": "fusion skin",
	"preview-bg": "#000000",
	"text": "#8c8c8c",
	"text-inverse": "#000000",
	"text-disabled": "#595959",
	"has-gradients": true,
	"has-radius": true,
	"has-boxshadow": true,
	"has-button-borders": true,
	"btn-text": "#8c8c8c",
	"btn-text-shadow": "#000000",
	"btn-bg": "#262626",
	"btn-bg-hlight": "#262626",
	"btn-border-top": "#202020",
	"btn-border-right": "#333333",
	"btn-border-bottom": "rgba(51,51,51,1)",
	"btn-border-left": "rgba(51,51,51,1)",
	"btn-split-border": "#6e6e6e",
	"btn-primary-text": "#ffffff",
	"btn-primary-text-shadow": "#000000",
	"btn-primary-bg": "#07dd96",
	"btn-primary-bg-hlight": "#07dd96",
	"btn-padding": "4px 10px",
	"menu-bg": "#202020",
	"menu-border": "rgba(0,0,0,0.2)",
	"menuitem-text": "#dddddd",
	"menuitem-bg-selected": "#07dd96",
	"menuitem-bg-selected-hlight": "#07dd96",
	"menuitem-separator-top": "#b3b3b3",
	"menuitem-separator-bottom": "#383838",
	"menuitem-text-inverse": "#ffffff",
	"menuitem-bg-active": "#07dd96",
	"menuitem-text-active": "#ffffff",
	"menuitem-preview-border-active": "#047a53",
	"menubar-menubtn-text": "#dddddd",
	"checkbox-border": "#8f8f8f",
	"checkbox-border-focus": "#59a5e1",
	"panel-border": "#262626",
	"panel-bg": "#0d0d0d",
	"panel-bg-hlight": "#0d0d0d",
	"textbox-bg": "#333333",
	"textbox-border": "#202020",
	"textbox-border-focus": "#07dd96",
	"window-bg": "#202020",
	"window-border": "#333333",
	"tab-bg": "#0d0d0d",
	"tab-bg-hover": "#1a1a1a",
	"tab-bg-active": "#1a1a1a",
	"tab-border": "#000000",
	"tabs-bg": "#000000",
	"notification-bg": "#f0f0f0",
	"notification-border": "#cccccc",
	"notification-text": "#333333",
	"notification-success-bg": "#dff0d8",
	"notification-success-border": "#d6e9c6",
	"notification-success-text": "#3c763d",
	"notification-info-bg": "#d9edf7",
	"notification-info-border": "#779ecb",
	"notification-info-text": "#31708f",
	"notification-warning-bg": "#fcf8e3",
	"notification-warning-border": "#faebcc",
	"notification-warning-text": "#8a6d3b",
	"notification-error-bg": "#f2dede",
	"notification-error-border": "#ebccd1",
	"notification-error-text": "#a94442",
	"progress-bar-bg": "#8f8f8f",
	"progress-bar-bg-hlight": "#636363",
	"progress-border": "#202a33",
	"progress-text": "#c4c4c4",
	"progress-text-shadow": "#000000",
	"slider-bg": "#636363",
	"slider-border": "#8f8f8f",
	"slider-handle-bg": "#474747",
	"slider-handle-border": "#8f8f8f",
	"colorbtn-backcolor-bg": "#cccccc",
	"grid-border": "#d6d6d6",
	"grid-border-active": "#d6d6d6"
}