{"IcoMoonType":"selection","icons":[{"icon":{"paths":["M846.507 692.907l-296.96-512c-17.067-30.72-61.44-30.72-78.507 0l-296.96 512c-17.067 30.72 3.413 68.267 40.96 68.267h593.92c34.133 0 58.027-37.547 37.547-68.267zM512 682.667c-17.067 0-34.133-17.067-34.133-34.133s17.067-34.133 34.133-34.133 34.133 17.067 34.133 34.133-17.067 34.133-34.133 34.133zM546.133 512c0 17.067-17.067 34.133-34.133 34.133s-34.133-17.067-34.133-34.133v-170.667c0-17.067 17.067-34.133 34.133-34.133s34.133 17.067 34.133 34.133v170.667z"],"attrs":[{}],"isMulticolor":false,"isMulticolor2":false,"grid":0,"tags":["download-error"]},"attrs":[{}],"properties":{"order":123,"id":45,"name":"download-error","prevSize":32,"code":59685},"setIdx":0,"setId":2,"iconIdx":0},{"icon":{"paths":["M238.933 590.507l51.2-51.2 174.080 174.080v-508.587h71.68v508.587l174.080-174.080 51.2 51.2-259.413 259.413z"],"attrs":[{}],"isMulticolor":false,"isMulticolor2":false,"grid":0,"tags":["download_arrow"]},"attrs":[{}],"properties":{"order":124,"id":44,"name":"download_arrow1","prevSize":32,"code":59686},"setIdx":0,"setId":2,"iconIdx":1},{"icon":{"paths":["M774.827 436.907l-262.827 259.413-262.827-259.413 51.2-51.2 177.493 180.907v-430.080h68.267v430.080l177.493-180.907z","M853.333 648.533v238.933h-682.667v-238.933h68.267v170.667h546.133v-170.667z"],"attrs":[{},{}],"isMulticolor":false,"isMulticolor2":false,"grid":0,"tags":["download-in-progress"]},"attrs":[{},{}],"properties":{"order":125,"id":43,"name":"download-in-progress","prevSize":32,"code":59687},"setIdx":0,"setId":2,"iconIdx":2},{"icon":{"paths":["M843.093 262.827l-467.627 467.627-194.56-194.56 47.787-47.787 146.773 146.773 419.84-419.84z"],"attrs":[{}],"isMulticolor":false,"isMulticolor2":false,"grid":0,"tags":["download-completed"]},"attrs":[{}],"properties":{"order":126,"id":42,"name":"download-completed","prevSize":32,"code":59688},"setIdx":0,"setId":2,"iconIdx":3},{"icon":{"paths":["M341.333 614.4h341.333v68.267h-341.333v-68.267z","M341.333 443.733h341.333v68.267h-341.333v-68.267z","M341.333 273.067h341.333v68.267h-341.333v-68.267z","M853.333 648.533v238.933h-682.667v-238.933h68.267v170.667h546.133v-170.667z"],"attrs":[{},{},{},{}],"isMulticolor":false,"isMulticolor2":false,"grid":0,"tags":["download-queued"]},"attrs":[{},{},{},{}],"properties":{"order":127,"id":41,"name":"download-queued","prevSize":32,"code":59689},"setIdx":0,"setId":2,"iconIdx":4},{"icon":{"paths":["M580.267 477.867c0 37.703-30.564 68.267-68.267 68.267s-68.267-30.564-68.267-68.267c0-37.703 30.564-68.267 68.267-68.267s68.267 30.564 68.267 68.267z","M853.333 477.867c0 37.703-30.564 68.267-68.267 68.267s-68.267-30.564-68.267-68.267c0-37.703 30.564-68.267 68.267-68.267s68.267 30.564 68.267 68.267z","M307.2 477.867c0 37.703-30.564 68.267-68.267 68.267s-68.267-30.564-68.267-68.267c0-37.703 30.564-68.267 68.267-68.267s68.267 30.564 68.267 68.267z"],"attrs":[{},{},{}],"isMulticolor":false,"isMulticolor2":false,"grid":0,"tags":["download-preparing"]},"attrs":[{},{},{}],"properties":{"order":128,"id":40,"name":"download-preparing","prevSize":32,"code":59690},"setIdx":0,"setId":2,"iconIdx":5},{"icon":{"paths":["M238.933 590.507l51.2-51.2 174.080 174.080v-508.587h71.68v508.587l174.080-174.080 51.2 51.2-259.413 259.413z"],"attrs":[{}],"isMulticolor":false,"isMulticolor2":false,"grid":0,"tags":["download_arrow"],"colorPermutations":{}},"attrs":[{}],"properties":{"order":122,"id":39,"name":"download_arrow","prevSize":32,"code":59683},"setIdx":0,"setId":2,"iconIdx":6},{"icon":{"paths":["M1006.933 788.48l-409.6-709.973c-37.547-64.853-129.707-64.853-167.253 0l-409.6 709.973c-40.96 64.853 6.827 143.36 81.92 143.36h819.2c75.093 0 122.88-78.507 85.333-143.36zM512 839.68c-30.72 0-54.613-23.893-54.613-54.613s23.893-54.613 54.613-54.613 54.613 23.893 54.613 54.613c0 27.307-23.893 54.613-54.613 54.613zM597.333 361.813v3.413l-68.267 249.173c-3.413 17.067-30.72 17.067-34.133 0l-64.853-249.173v-3.413c-6.827-27.307 0-61.44 23.893-81.92 34.133-34.133 88.747-34.133 122.88 0 20.48 20.48 27.307 51.2 20.48 81.92z"],"attrs":[{"fill":"rgb(234, 33, 0)"}],"isMulticolor":false,"isMulticolor2":false,"grid":0,"tags":["transcode_error"],"colorPermutations":{}},"attrs":[{"fill":"rgb(234, 33, 0)"}],"properties":{"order":120,"id":38,"name":"transcode_error","prevSize":32,"code":59684},"setIdx":0,"setId":2,"iconIdx":7},{"icon":{"paths":["M719.3 516.8c0 115.041-93.259 208.3-208.3 208.3s-208.3-93.259-208.3-208.3c0-115.041 93.259-208.3 208.3-208.3s208.3 93.259 208.3 208.3z"],"attrs":[{"fill":"rgb(255, 253, 27)"}],"isMulticolor":false,"isMulticolor2":false,"grid":0,"tags":["publish-c"],"colorPermutations":{}},"attrs":[{"fill":"rgb(255, 253, 27)"}],"properties":{"order":119,"id":37,"name":"publish-c","prevSize":32,"code":59678},"setIdx":0,"setId":2,"iconIdx":8},{"icon":{"paths":["M719.3 516.8c0 115.041-93.259 208.3-208.3 208.3s-208.3-93.259-208.3-208.3c0-115.041 93.259-208.3 208.3-208.3s208.3 93.259 208.3 208.3z"],"attrs":[{"fill":"rgb(231, 15, 6)"}],"isMulticolor":false,"isMulticolor2":false,"grid":0,"tags":["publish-b"],"colorPermutations":{}},"attrs":[{"fill":"rgb(231, 15, 6)"}],"properties":{"order":115,"id":36,"name":"publish-b","prevSize":32,"code":59679},"setIdx":0,"setId":2,"iconIdx":9},{"icon":{"paths":["M719.3 516.8c0 115.041-93.259 208.3-208.3 208.3s-208.3-93.259-208.3-208.3c0-115.041 93.259-208.3 208.3-208.3s208.3 93.259 208.3 208.3z"],"attrs":[{"fill":"rgb(19, 253, 84)"}],"isMulticolor":false,"isMulticolor2":false,"grid":0,"tags":["publish-a"],"colorPermutations":{}},"attrs":[{"fill":"rgb(19, 253, 84)"}],"properties":{"order":116,"id":35,"name":"publish-a","prevSize":32,"code":59680},"setIdx":0,"setId":2,"iconIdx":10},{"icon":{"paths":["M719.3 516.8c0 115.041-93.259 208.3-208.3 208.3s-208.3-93.259-208.3-208.3c0-115.041 93.259-208.3 208.3-208.3s208.3 93.259 208.3 208.3z"],"attrs":[{}],"isMulticolor":false,"isMulticolor2":false,"grid":0,"tags":["publish-d"],"colorPermutations":{}},"attrs":[{}],"properties":{"order":117,"id":34,"name":"publish-d","prevSize":32,"code":59681},"setIdx":0,"setId":2,"iconIdx":11},{"icon":{"paths":["M719.4 539.8v-40.1l-56.7-5.7c-13-1.3-24.2-9.8-28.5-22.1-0.7-2.1-1.5-4.1-2.4-6.2-4.8-11.4-2.5-24.4 5.3-34l37.4-45.9-28.1-28.5-44.1 36.1c-10.1 8.2-23.9 10.2-35.7 4.6-2.1-1-4.2-1.9-6.3-2.8-11.5-4.7-19.1-15.6-20.4-27.9l-5.8-58.9h-40.1l-5.7 56.6c-1.3 12.9-9.7 24-21.8 28.5-2.1 0.8-4.2 1.6-6.3 2.5-11.5 4.9-24.8 2.6-34.4-5.4l-45.8-37.6-28.5 28.5 36.1 44.1c8.2 10.1 10.2 23.9 4.6 35.7-1 2.1-1.9 4.2-2.8 6.3-4.7 11.5-15.6 19.1-28 20.4l-59.3 5.8v40.2l57.1 5.7c12.9 1.3 24.2 9.8 28.6 22 0.8 2.1 1.6 4.2 2.4 6.2 4.8 11.5 2.5 24.6-5.4 34.2l-37.7 45.7 28.5 28.5 44-36c10.1-8.3 24-10.1 35.8-4.6 2 0.9 4 1.8 6.1 2.7 11.4 4.7 19.1 15.6 20.3 27.9l5.8 58.9h40.1l5.7-56.5c1.3-12.9 9.7-24.1 22-28.5 2.2-0.8 4.3-1.6 6.5-2.5 11.5-4.8 24.6-2.5 34.2 5.4l45.9 37.7 28.5-28.5-36.1-44.1c-8.2-10.1-10.2-23.9-4.6-35.7 1-2.1 1.9-4.2 2.8-6.3 4.7-11.5 15.6-19.1 27.9-20.4l58.9-6zM511 578.9c-34.3 0-62-27.7-62-62s27.7-62 62-62c34.3 0 62 27.7 62 62s-27.7 62-62 62z"],"attrs":[{"fill":"rgb(94, 94, 94)"}],"isMulticolor":false,"isMulticolor2":false,"grid":0,"tags":["settings"],"colorPermutations":{}},"attrs":[{"fill":"rgb(94, 94, 94)"}],"properties":{"order":112,"id":33,"name":"settings","prevSize":32,"code":59682},"setIdx":0,"setId":2,"iconIdx":12},{"icon":{"paths":["M537.5 512l176.2 176.2-25.5 25.5-176.2-176.2-176.2 176.2-25.5-25.5 176.2-176.2-176.2-176.2 25.5-25.5 176.2 176.2 176.2-176.2 25.5 25.5z"],"attrs":[{}],"isMulticolor":false,"isMulticolor2":false,"grid":0,"tags":["clear-x"],"colorPermutations":{"223001255255255172211501":[]}},"attrs":[{}],"properties":{"order":111,"id":32,"name":"clear-x","prevSize":32,"code":59677},"setIdx":0,"setId":2,"iconIdx":13},{"icon":{"paths":["M527 443.1l3-5.3v101.8h-63.8z","M189.2 308.6v416.4h645.6v-416.4h-645.6zM601 572.3h-30.3v54.3h-40.7v-54.3h-105.3l-1.2-24.8 105.2-164.8h42v157h30.3v32.6z"],"attrs":[{},{}],"isMulticolor":false,"isMulticolor2":false,"grid":0,"tags":["format-4"],"colorPermutations":{"223001255255255172211501":[{},{}]}},"attrs":[{},{}],"properties":{"order":107,"id":31,"name":"format-4","prevSize":32,"code":59672},"setIdx":0,"setId":2,"iconIdx":14},{"icon":{"paths":["M189.2 308.6v416.4h645.6v-416.4h-645.6zM437.2 626.5h-40.5v-195.9l-59.9 20.4v-34.2l95.1-35h5.2v244.7zM679.7 606.9c-14.6 15.4-33.7 23-57.4 23-24.3 0-44.1-9-59.2-27s-22.7-41.5-22.7-70.7v-13.9c0-42.8 10.4-76.3 31.2-100.5s50.8-36.4 89.9-36.4h4.2v33.7h-5c-22.8 0.3-41 6.6-54.6 18.8s-21.7 29.4-24.3 51.8c13.1-13.7 29.8-20.6 50.1-20.6 21.5 0 38.5 7.6 51 22.8s18.7 34.8 18.7 58.8c-0 24.7-7.3 44.8-21.9 60.2zM622 497.9c-8.9 0-17.1 2.5-24.5 7.5s-12.9 11.7-16.3 20.1v12.4c0 18.1 3.8 32.5 11.4 43.1 7.6 10.7 17.4 16 29.5 16s21.6-4.5 28.6-13.6c7-9 10.6-20.9 10.6-35.7s-3.6-26.8-10.7-36c-7.3-9.2-16.8-13.8-28.6-13.8z"],"attrs":[{}],"isMulticolor":false,"isMulticolor2":false,"grid":0,"tags":["format-16"],"colorPermutations":{"223001255255255172211501":[{}]}},"attrs":[{}],"properties":{"order":108,"id":30,"name":"format-16","prevSize":32,"code":59674},"setIdx":0,"setId":2,"iconIdx":15},{"icon":{"paths":["M189.2 308.6v416.4h645.6v-416.4h-645.6zM524.7 622.4c-4 4.1-9.7 6.2-17.1 6.2s-13-2.1-17-6.2c-4-4.1-6-9.2-6-15.4 0-6.6 2.1-11.9 6.2-15.9s9.7-6.1 16.8-6.1c7.1 0 12.8 2.1 16.9 6.2 4.1 4.2 6.2 9.4 6.2 15.8 0 6.1-2 11.3-6 15.4zM557.5 498l-20.6 20.3c-7.4 8.4-11.2 20.6-11.4 36.7h-38c0-14.9 1.8-26.7 5.5-35.5s11-18.5 21.9-29.1c10.9-10.6 17.8-18.1 20.7-22.5 4.5-6.8 6.7-14.2 6.7-22.1 0-10.5-2.6-18.5-7.8-24s-12.8-8.3-22.9-8.3c-9.6 0-17.3 2.7-23.2 8.1s-8.8 12.7-8.8 22h-40.7c0.2-19.8 7-35.4 20.2-47 13.2-11.5 30.7-17.3 52.5-17.3 22.4 0 39.9 5.7 52.5 17.1s18.8 27.3 18.8 47.8c0.1 18.2-8.4 36.1-25.4 53.8z"],"attrs":[{}],"isMulticolor":false,"isMulticolor2":false,"grid":0,"tags":["format-unknown"],"colorPermutations":{"223001255255255172211501":[{}]}},"attrs":[{}],"properties":{"order":109,"id":29,"name":"format-unknown","prevSize":32,"code":59675},"setIdx":0,"setId":2,"iconIdx":16},{"icon":{"paths":["M677.5 437.8c11.5 14 17.2 34.2 17.2 60.6v13.6c-0.2 26-6.3 46-18.2 59.9s-29 20.9-51.2 20.9h-27.6v-176h29.7c21.9 0 38.6 7 50.1 21z","M189.2 308.6v416.4h645.6v-416.4h-645.6zM488.2 626.5h-42.2v-108.2h-109v108.2h-42.4v-243.9h42.4v101.5h109v-101.5h42.2v243.9zM737.3 510.8c0 23.1-4.6 43.4-13.8 61-9.2 17.5-22.3 31-39.4 40.5-17 9.5-36.5 14.2-58.5 14.2h-70.2v-243.9h72c21.5 0 40.7 4.8 57.4 14.4s29.6 23.2 38.8 40.9c9.2 17.7 13.7 37.9 13.7 60.6v12.3z"],"attrs":[{},{}],"isMulticolor":false,"isMulticolor2":false,"grid":0,"tags":["format-hd"],"colorPermutations":{"223001255255255172211501":[{},{}]}},"attrs":[{},{}],"properties":{"order":110,"id":28,"name":"format-hd","prevSize":32,"code":59676},"setIdx":0,"setId":2,"iconIdx":17},{"icon":{"paths":["M267.9 613.7h97v-226.5c0-34.9 22.7-64.5 56.4-73.7s68.2 5 85.8 35.2l97.8 167.3v-128.8c0-34.9 22.7-64.5 56.4-73.7 33.7-9.1 68.2 5 85.8 35.2l97.8 167.3v-207.4h47.3v342.2c0 6.2-4.2 9.5-8.1 10.6-3.9 1-9.3 0.3-12.4-5.1l-165.7-283.6c-6.6-11.4-19.7-16.7-32.4-13.3s-21.3 14.6-21.3 27.8v263.6c0 6.2-4.2 9.5-8.1 10.6-3.9 1-9.3 0.3-12.4-5.1l-165.7-283.6c-6.6-11.4-19.7-16.7-32.4-13.3s-21.3 14.6-21.3 27.8v262.6c0 6.2-5.1 11.3-11.3 11.3h-133.2c-78.4 0-142.2-63.8-142.2-142.2s63.8-142.2 142.2-142.2h65.1v47.6h-65.1c-52.2 0-94.7 42.5-94.7 94.7s42.5 94.7 94.7 94.7z","M955.7 308.6v342.1c0 34-22.1 62.9-54.9 71.8s-66.5-4.9-83.6-34.3l-101.4-173.6v136c0 34-22.1 62.9-54.9 71.8-6.7 1.8-13.4 2.7-20 2.7-25.9 0-50-13.5-63.7-36.9l-101.4-173.6v135.2c0 41.2-33.5 74.7-74.7 74.7h-133.2c-113.3 0-205.5-92.2-205.5-205.5s92.2-205.5 205.5-205.5h65.1v47.4h-65.1c-87.1 0-158 70.9-158 158s70.9 158 158 158h133.2c15 0 27.2-12.2 27.2-27.2v-262.6c0-7.3 5-11.2 9.6-12.5 4.6-1.2 10.9-0.3 14.6 6l165.8 283.5c6.2 10.6 18.3 15.6 30.2 12.4 11.8-3.2 19.8-13.6 19.8-25.9v-263.5c0-7.3 5-11.2 9.6-12.5 4.6-1.2 10.9-0.3 14.6 6l165.7 283.6c4.9 8.4 13.7 13.3 23 13.3 2.4 0 4.8-0.3 7-0.9 11.8-3.2 19.8-13.6 19.8-25.9v-342.1h47.7z"],"attrs":[{"fill":"rgb(223, 0, 0)"},{"fill":"rgb(223, 0, 0)"}],"isMulticolor":false,"isMulticolor2":false,"grid":0,"tags":["cnn"],"colorPermutations":{"223001255255255172211501":[{"f":0},{"f":0}]}},"attrs":[{"fill":"rgb(223, 0, 0)"},{"fill":"rgb(223, 0, 0)"}],"properties":{"order":106,"id":27,"name":"cnn","prevSize":32,"code":59671},"setIdx":0,"setId":2,"iconIdx":18},{"icon":{"paths":["M635.9 330.4h-261.1c-8.4 0-15.7 3.1-20.6 8.9-5 5.8-7.1 13.8-5.8 22.4l33.4 222.8c0.9 6-3.2 11.5-9.2 12.4-5.9 0.9-11.5-3.2-12.4-9.2l-33.4-222.8c-2.2-15 1.6-29.1 10.9-39.9 9.1-10.6 22.3-16.4 37.1-16.4h302.2c0.2 0 0.4 0 0.6 0 14.1 0.1 28.1 5.6 39.5 15.5 11.5 10 18.9 23.3 21.1 37.6l4.3 28.8c0.5 3.1-0.5 6.3-2.5 8.7-2.1 2.4-5.1 3.8-8.3 3.8h-74.9l35.5 237 4.3 28.8c2.2 15-1.6 29.1-10.9 39.8-9.1 10.6-22.3 16.4-37.1 16.4h-293.5c-14.3 0-28.5-5.5-40-15.5s-19-23.3-21.1-37.6l-4.3-28.8c-0.5-3.1 0.4-6.3 2.5-8.7s5.1-3.8 8.3-3.8h368.4l-35.5-237-4.3-28.8c-3.6-26.2 6.8-34.4 6.8-34.4z","M581.5 403h-176.9c-6 0-10.9-4.9-10.9-10.9s4.9-10.9 10.9-10.9h176.9c6 0 10.9 4.9 10.9 10.9s-4.9 10.9-10.9 10.9z","M590.5 463.4h-176.9c-6 0-10.9-4.9-10.9-10.9s4.9-10.9 10.9-10.9h176.9c6 0 10.9 4.9 10.9 10.9s-4.8 10.9-10.9 10.9z","M599.6 523.7h-176.9c-6 0-10.9-4.9-10.9-10.9s4.9-10.9 10.9-10.9h176.9c6 0 10.9 4.9 10.9 10.9s-4.9 10.9-10.9 10.9z","M608.6 584.1h-176.9c-6 0-10.9-4.9-10.9-10.9s4.9-10.9 10.9-10.9h176.9c6 0 10.9 4.9 10.9 10.9s-4.8 10.9-10.9 10.9z"],"attrs":[{},{},{},{},{}],"isMulticolor":false,"isMulticolor2":false,"grid":0,"tags":["script"],"colorPermutations":{"223001255255255172211501":[]}},"attrs":[{},{},{},{},{}],"properties":{"order":81,"id":26,"name":"script","prevSize":32,"code":59668},"setIdx":0,"setId":2,"iconIdx":19},{"icon":{"paths":["M814.6 484.3c-2.8-3.6-6.9-5.6-11.4-5.6h-61.1v-106.3c0-7.5-6.1-13.9-13.9-13.9h-246.3l-25.3-43.3c-2.5-4.2-6.9-6.7-11.9-6.7h-177.2c-7.5 0-13.9 6.1-13.9 13.9v388.8c0 1.7 0.3 3.3 0.8 4.7 0.6 1.1 1.1 2.2 1.7 3.1 0.3 0 0.3 0.3 0.3 0.3 0.6 0.8 1.4 1.7 2.2 2.5 0.8 0.6 1.7 1.4 2.5 1.7 1.9 1.1 4.2 1.7 6.4 1.7h460.7c1.1 0 1.9 0 3.1-0.3 0.8-0.3 1.7-0.6 2.5-0.8 3.3-1.4 5.8-3.9 7.2-7.2 0.3-0.3 0.6-0.6 0.6-1.1l74.7-218.5c1.6-4.6 0.8-9.1-1.7-13zM556.9 478.8l-14.2-25.5c-2.5-4.2-6.9-6.9-11.9-6.9h-177.2c-5.8 0-11.1 3.6-13.1 9.4l-59.1 172.4v-291.9h155.2l25.3 43c2.5 4.4 7.2 6.9 11.9 6.9h240.5v92.5h-157.4z"],"attrs":[{}],"isMulticolor":false,"isMulticolor2":false,"grid":0,"tags":["local"],"colorPermutations":{"223001255255255172211501":[]}},"attrs":[{}],"properties":{"order":82,"id":25,"name":"local","prevSize":32,"code":59669},"setIdx":0,"setId":2,"iconIdx":20},{"icon":{"paths":["M692.5 308.6h-157.8l-222.6 222.6c-5.3 5.3-8.3 12.1-8.3 19.7s3 14.4 8.3 19.7l146.2 146.4c5.3 5 12.4 8.1 19.7 8.1 7.6 0 14.4-3 19.7-8.1l222.6-222.9v-157.8c0-15.4-12.4-27.7-27.8-27.7zM660.3 429.6c-16.9 16.9-44.1 16.9-61.1 0-16.9-16.9-16.9-44.1 0-61.1 16.9-16.9 44.1-16.9 61.1 0 16.9 17 16.9 44.2 0 61.1z"],"attrs":[{}],"isMulticolor":false,"isMulticolor2":false,"grid":0,"tags":["metadata"],"colorPermutations":{"223001255255255172211501":[]}},"attrs":[{}],"properties":{"order":83,"id":24,"name":"metadata","prevSize":32,"code":59670},"setIdx":0,"setId":2,"iconIdx":21},{"icon":{"paths":["M457.2 500c-22.6 0-37.8 15.8-37.8 39.5 0 23.2 15.2 38.9 37.8 38.9 22.3 0 37.5-15.8 37.5-38.9 0-23.7-15.2-39.5-37.5-39.5zM457.2 500c-22.6 0-37.8 15.8-37.8 39.5 0 23.2 15.2 38.9 37.8 38.9 22.3 0 37.5-15.8 37.5-38.9 0-23.7-15.2-39.5-37.5-39.5zM457.2 500c-22.6 0-37.8 15.8-37.8 39.5 0 23.2 15.2 38.9 37.8 38.9 22.3 0 37.5-15.8 37.5-38.9 0-23.7-15.2-39.5-37.5-39.5zM677.8 432.3c-22.3 0-37.5 15.8-37.5 38.9 0 23.8 15.2 39.8 37.5 39.8s37.8-16.4 37.8-39.8c0-23.2-15.2-38.9-37.8-38.9zM677.8 432.3c-22.3 0-37.5 15.8-37.5 38.9 0 23.8 15.2 39.8 37.5 39.8s37.8-16.4 37.8-39.8c0-23.2-15.2-38.9-37.8-38.9zM457.2 500c-22.6 0-37.8 15.8-37.8 39.5 0 23.2 15.2 38.9 37.8 38.9 22.3 0 37.5-15.8 37.5-38.9 0-23.7-15.2-39.5-37.5-39.5zM457.2 500c-22.6 0-37.8 15.8-37.8 39.5 0 23.2 15.2 38.9 37.8 38.9 22.3 0 37.5-15.8 37.5-38.9 0-23.7-15.2-39.5-37.5-39.5zM677.8 432.3c-22.3 0-37.5 15.8-37.5 38.9 0 23.8 15.2 39.8 37.5 39.8s37.8-16.4 37.8-39.8c0-23.2-15.2-38.9-37.8-38.9zM677.8 432.3c-22.3 0-37.5 15.8-37.5 38.9 0 23.8 15.2 39.8 37.5 39.8s37.8-16.4 37.8-39.8c0-23.2-15.2-38.9-37.8-38.9zM457.2 500c-22.6 0-37.8 15.8-37.8 39.5 0 23.2 15.2 38.9 37.8 38.9 22.3 0 37.5-15.8 37.5-38.9 0-23.7-15.2-39.5-37.5-39.5zM457.2 500c-22.6 0-37.8 15.8-37.8 39.5 0 23.2 15.2 38.9 37.8 38.9 22.3 0 37.5-15.8 37.5-38.9 0-23.7-15.2-39.5-37.5-39.5zM677.8 432.3c-22.3 0-37.5 15.8-37.5 38.9 0 23.8 15.2 39.8 37.5 39.8s37.8-16.4 37.8-39.8c0-23.2-15.2-38.9-37.8-38.9zM677.8 432.3c-22.3 0-37.5 15.8-37.5 38.9 0 23.8 15.2 39.8 37.5 39.8s37.8-16.4 37.8-39.8c0-23.2-15.2-38.9-37.8-38.9zM457.2 500c-22.6 0-37.8 15.8-37.8 39.5 0 23.2 15.2 38.9 37.8 38.9 22.3 0 37.5-15.8 37.5-38.9 0-23.7-15.2-39.5-37.5-39.5zM788.7 308.6h-560.4c-20.5 0-36.9 16.6-36.9 36.9v342.8c0 20.5 16.4 36.9 36.9 36.9h560.4c20.2 0 36.9-16.4 36.9-36.9v-342.9c0-20.2-16.7-36.8-36.9-36.8zM381.7 603.5h-105.5v-28.2h37.8v-138h-41.6v-23.8l50.8-6.2h21.1v168h37.5v28.2zM457.2 607.4c-40.4 0-69-29.1-69-70.5 0-42.5 24.4-85.6 71.7-128.1l1.8-1.5h43.7l-12.8 10.4c-16.9 14-38.6 34.2-54.1 58 5.9-2.1 13.1-3.6 21.4-3.6 37.8 0 66 28.8 66 67.5 0 38-30 67.8-68.7 67.8zM566.6 599.6c-10.4 0-18.1-7.1-18.1-17.8 0-10.1 7.7-17.8 18.1-17.8s18.1 7.7 18.1 17.8c0.1 10.7-7.7 17.8-18.1 17.8zM566.6 491.1c-10.4 0-18.1-7.4-18.1-17.8s7.7-18.1 18.1-18.1c10.4 0 18.1 7.7 18.1 18.1s-7.7 17.8-18.1 17.8zM674.8 602l-1.8 1.5h-43.4l12.8-10.4c16.6-13.4 38.4-33.6 53.8-57.7-6.5 2.4-13.7 3.6-21.4 3.6-38.1 0-66-28.5-66-67.8 0-38.6 29.7-67.8 69-67.8 40.4 0 68.7 29.1 68.7 70.5 0 43.1-23.5 85-71.7 128.1zM677.8 432.3c-22.3 0-37.5 15.8-37.5 38.9 0 23.8 15.2 39.8 37.5 39.8s37.8-16.4 37.8-39.8c0-23.2-15.2-38.9-37.8-38.9zM457.2 500c-22.6 0-37.8 15.8-37.8 39.5 0 23.2 15.2 38.9 37.8 38.9 22.3 0 37.5-15.8 37.5-38.9 0-23.7-15.2-39.5-37.5-39.5zM457.2 500c-22.6 0-37.8 15.8-37.8 39.5 0 23.2 15.2 38.9 37.8 38.9 22.3 0 37.5-15.8 37.5-38.9 0-23.7-15.2-39.5-37.5-39.5zM677.8 432.3c-22.3 0-37.5 15.8-37.5 38.9 0 23.8 15.2 39.8 37.5 39.8s37.8-16.4 37.8-39.8c0-23.2-15.2-38.9-37.8-38.9zM677.8 432.3c-22.3 0-37.5 15.8-37.5 38.9 0 23.8 15.2 39.8 37.5 39.8s37.8-16.4 37.8-39.8c0-23.2-15.2-38.9-37.8-38.9zM457.2 500c-22.6 0-37.8 15.8-37.8 39.5 0 23.2 15.2 38.9 37.8 38.9 22.3 0 37.5-15.8 37.5-38.9 0-23.7-15.2-39.5-37.5-39.5zM457.2 500c-22.6 0-37.8 15.8-37.8 39.5 0 23.2 15.2 38.9 37.8 38.9 22.3 0 37.5-15.8 37.5-38.9 0-23.7-15.2-39.5-37.5-39.5zM677.8 432.3c-22.3 0-37.5 15.8-37.5 38.9 0 23.8 15.2 39.8 37.5 39.8s37.8-16.4 37.8-39.8c0-23.2-15.2-38.9-37.8-38.9zM677.8 432.3c-22.3 0-37.5 15.8-37.5 38.9 0 23.8 15.2 39.8 37.5 39.8s37.8-16.4 37.8-39.8c0-23.2-15.2-38.9-37.8-38.9zM457.2 500c-22.6 0-37.8 15.8-37.8 39.5 0 23.2 15.2 38.9 37.8 38.9 22.3 0 37.5-15.8 37.5-38.9 0-23.7-15.2-39.5-37.5-39.5zM457.2 500c-22.6 0-37.8 15.8-37.8 39.5 0 23.2 15.2 38.9 37.8 38.9 22.3 0 37.5-15.8 37.5-38.9 0-23.7-15.2-39.5-37.5-39.5zM457.2 500c-22.6 0-37.8 15.8-37.8 39.5 0 23.2 15.2 38.9 37.8 38.9 22.3 0 37.5-15.8 37.5-38.9 0-23.7-15.2-39.5-37.5-39.5z"],"attrs":[{}],"isMulticolor":false,"isMulticolor2":false,"grid":0,"tags":["9"],"colorPermutations":{"223001255255255172211501":[]}},"attrs":[{}],"properties":{"order":85,"id":22,"name":"9","prevSize":32,"code":59673},"setIdx":0,"setId":2,"iconIdx":22},{"icon":{"paths":["M861.9 562.2c0 85-65.5 155.2-148.6 161.9v1h-403.5v-1.9l-1.9 1.9h-16.6c-73.1 0-132-59.3-132-132 0-73.1 58.9-132 132-132 0-89.7 72.6-162.3 162.3-162.3 77.9 0 142.4 54.6 158.5 127.2 25.2-16.6 55.1-26.1 87.3-26.1 89.8 0 162.5 73.1 162.5 162.3z","M511.4 512.4c0.5-0.6 0.7-1.4 0.7-2.2 0-2-1.6-3.6-3.6-3.6s-3.6 1.6-3.6 3.6 1.6 3.6 3.6 3.6c0.8 0 1.6-0.3 2.2-0.7l2.2 2.2 0.7-0.7-2.2-2.2zM508.5 512.9c-1.4 0-2.6-1.2-2.6-2.6 0-1.5 1.2-2.6 2.6-2.6 1.5 0 2.6 1.2 2.6 2.6 0.1 1.4-1.1 2.6-2.6 2.6z"],"attrs":[{},{}],"isMulticolor":false,"isMulticolor2":false,"grid":0,"tags":["nav-ingest"],"colorPermutations":{"223001255255255172211501":[]}},"attrs":[{},{}],"properties":{"order":86,"id":21,"name":"nav-ingest","prevSize":32,"code":59663},"setIdx":0,"setId":2,"iconIdx":23},{"icon":{"paths":["M675.3 297.8h-331.4c-49.4 0-123.5 39.7-123.5 97.9v230.7c0 58.2 74.1 97.5 123.5 97.5h331.4c49.4 0 123.5-39.3 123.5-97.5v-230.7c0-58.2-74.1-97.9-123.5-97.9zM619.1 525l-170.6 95.7c-10.3 6-23.9-1.6-23.9-14.1v-191.4c0-12 13.6-20.1 23.9-13.6l170.6 95.1c10.8 6.6 10.8 22.3 0 28.3z"],"attrs":[{}],"isMulticolor":false,"isMulticolor2":false,"grid":0,"tags":["nav-publish"],"colorPermutations":{"223001255255255172211501":[]}},"attrs":[{}],"properties":{"order":87,"id":20,"name":"nav-publish","prevSize":32,"code":59664},"setIdx":0,"setId":2,"iconIdx":24},{"icon":{"paths":["M800 389.1v314.9c0 13.2-10.7 23.9-23.9 23.9h-533.1c-13.2 0-23.9-10.7-23.9-23.9v-386.2c0-13.2 10.7-23.9 23.9-23.9h157.3c8.6 0 16.6 4.7 20.8 12.2l26.4 46.9c4.2 7.5 12.2 12.2 20.8 12.2h307.9c13.1 0 23.8 10.7 23.8 23.9z"],"attrs":[{}],"isMulticolor":false,"isMulticolor2":false,"grid":0,"tags":["nav-project"],"colorPermutations":{"223001255255255172211501":[]}},"attrs":[{}],"properties":{"order":88,"id":19,"name":"nav-project","prevSize":32,"code":59665},"setIdx":0,"setId":2,"iconIdx":25},{"icon":{"paths":["M619.7 585.9c23.7-31 37.5-69.5 37.5-111.4 0-102-82.3-184.8-184.8-184.8-102 0-184.3 82.8-184.3 184.8s82.3 184.8 184.3 184.8c41.9 0 80.8-13.8 111.9-37.9l110.9 110.9 35.5-35.5-111-110.9zM472.3 608.5c-73.9 0-134-60.1-134-134 0-74.4 60.1-134.5 134-134.5 74.4 0 134.5 60.1 134.5 134.5 0 73.9-60.1 134-134.5 134z"],"attrs":[{}],"isMulticolor":false,"isMulticolor2":false,"grid":0,"tags":["nav-assets"],"colorPermutations":{"223001255255255172211501":[]}},"attrs":[{}],"properties":{"order":89,"id":18,"name":"nav-assets","prevSize":32,"code":59666},"setIdx":0,"setId":2,"iconIdx":26},{"icon":{"paths":["M933.7 866.5l-239.5-238.6c46.6-61.5 69.9-135.1 69.9-207.8 0-87.6-33.5-175.2-100.6-242.3-133.3-134.2-351.4-134.2-485.6 0-133.3 133.2-133.3 351.3 0 485.5 67.1 66.2 154.7 99.7 243.2 99.7 72.7 0 146.3-23.3 206.9-69.9l239.5 239.5c9.3 9.3 21.4 14 33.5 14 11.2 0 23.3-4.7 32.6-14 17.8-17.7 17.8-47.5 0.1-66.1zM598.2 597.1c-97.9 97.9-256.3 97.9-354.1 0-97.9-97.9-97.9-256.3 0-354.1 48.5-48.5 112.8-72.7 177.1-72.7s127.7 24.2 177.1 72.7c96.8 97.8 96.8 256.3-0.1 354.1z"],"attrs":[{}],"isMulticolor":false,"isMulticolor2":false,"grid":0,"tags":["search"],"colorPermutations":{"223001255255255172211501":[]}},"attrs":[{}],"properties":{"order":90,"id":17,"name":"search","prevSize":32,"code":59667},"setIdx":0,"setId":2,"iconIdx":27},{"icon":{"paths":["M799.2 226.3h-60v109c0 41.4-33.8 75.9-75.2 75.9-42.8 0-75.9-34.5-75.9-75.9v-109h-153.2v109c0 41.4-34.5 75.9-75.9 75.9-42.1 0-75.2-34.5-75.2-75.9v-109h-61.4c-34.5 0-62.8 28.3-62.8 63.5v564.4c0 34.5 28.3 62.8 62.8 62.8h576.8c34.5 0 62.8-28.3 62.8-62.8v-564.4c0-35.2-28.3-63.5-62.8-63.5zM447.3 614.8h-151.1v-113.9h151.1v113.9zM725.4 757.6h-151.1v-114.5h151.1v114.5z","M358.8 327.2c-9.9 0-18-8.1-18-18v-183.8c0-9.9 8.1-18 18-18s18 8.1 18 18v183.9c0 9.9-8.1 17.9-18 17.9z","M663.4 327.2c-9.9 0-18-8.1-18-18v-183.8c0-9.9 8.1-18 18-18s18 8.1 18 18v183.9c0 9.9-8.1 17.9-18 17.9z"],"attrs":[{},{},{}],"isMulticolor":false,"isMulticolor2":false,"grid":0,"tags":["calendar"],"colorPermutations":{"223001255255255172211501":[]}},"attrs":[{},{},{}],"properties":{"order":91,"id":16,"name":"calendar","prevSize":32,"code":59662},"setIdx":0,"setId":2,"iconIdx":28},{"icon":{"paths":["M371.2 110.933h-17.067c-12.8 0-21.333 8.533-21.333 21.333v768c0 12.8 8.533 21.333 21.333 21.333h21.333c12.8 0 21.333-8.533 21.333-21.333v-768c0-12.8-12.8-21.333-25.6-21.333z","M452.267 516.267l345.6-179.2-345.6-179.2c-17.067-8.533-42.667 4.267-42.667 25.6v307.2c0 25.6 25.6 38.4 42.667 25.6z"],"attrs":[{},{}],"isMulticolor":false,"isMulticolor2":false,"grid":0,"tags":["timeline-marker"],"colorPermutations":{"223001255255255172211501":[]}},"attrs":[{},{}],"properties":{"order":92,"id":15,"name":"timeline-marker","prevSize":32,"code":59648},"setIdx":0,"setId":2,"iconIdx":29},{"icon":{"paths":["M729.6 486.4l-230.4 230.4c-34.133 34.133-89.6 34.133-128 0-17.067-17.067-25.6-38.4-25.6-64s8.533-46.933 25.6-64l230.4-230.4-128-128-230.4 230.4c-51.2 51.2-81.067 119.467-81.067 192s29.867 140.8 81.067 192c51.2 51.2 119.467 81.067 192 81.067s140.8-29.867 192-81.067l230.4-230.4-128-128zM362.667 384l110.933-115.2 89.6 89.6-110.933 115.2-89.6-89.6zM708.267 729.6v0l-89.6-89.6 115.2-115.2 89.6 89.6-115.2 115.2z","M652.8 456.533l192-200.533h-76.8l76.8-157.867-192 200.533h76.8z"],"attrs":[{},{}],"isMulticolor":false,"isMulticolor2":false,"grid":0,"tags":["timeline-snap"],"colorPermutations":{"223001255255255172211501":[]}},"attrs":[{},{}],"properties":{"order":93,"id":14,"name":"timeline-snap","prevSize":32,"code":59660},"setIdx":0,"setId":2,"iconIdx":30},{"icon":{"paths":["M512 260.267c-217.6 0-396.8 264.533-396.8 264.533s179.2 264.533 396.8 264.533 396.8-264.533 396.8-264.533-179.2-264.533-396.8-264.533zM512 682.667c-89.6 0-157.867-68.267-157.867-157.867s68.267-157.867 157.867-157.867 157.867 68.267 157.867 157.867-68.267 157.867-157.867 157.867z","M593.067 563.2c0 21.208-17.192 38.4-38.4 38.4s-38.4-17.192-38.4-38.4c0-21.208 17.192-38.4 38.4-38.4s38.4 17.192 38.4 38.4z"],"attrs":[{},{}],"isMulticolor":false,"isMulticolor2":false,"grid":0,"tags":["timeline-show"],"colorPermutations":{"223001255255255172211501":[]}},"attrs":[{},{}],"properties":{"order":94,"id":13,"name":"timeline-show","prevSize":32,"code":59661},"setIdx":0,"setId":2,"iconIdx":31},{"icon":{"paths":["M708.267 460.8h-392.533c-55.467 0-98.133 46.933-98.133 98.133v251.733c0 55.467 46.933 98.133 98.133 98.133h392.533c55.467 0 98.133-46.933 98.133-98.133v-247.467c0-55.467-38.4-102.4-98.133-102.4zM537.6 712.533v93.867h-55.467v-93.867c-25.6-8.533-46.933-42.667-46.933-72.533 0-42.667 38.4-76.8 76.8-76.8s76.8 38.4 76.8 76.8c0 29.867-21.333 59.733-51.2 72.533z","M665.6 294.4v4.267h-68.267v-4.267c0-46.933-42.667-89.6-89.6-89.6s-89.6 42.667-89.6 89.6v93.867h-59.733v-93.867c0-89.6 68.267-153.6 153.6-153.6s153.6 72.533 153.6 153.6z"],"attrs":[{},{}],"isMulticolor":false,"isMulticolor2":false,"grid":0,"tags":["timeline-unlocked"],"colorPermutations":{"223001255255255172211501":[]}},"attrs":[{},{}],"properties":{"order":95,"id":12,"name":"timeline-unlocked","prevSize":32,"code":59649},"setIdx":0,"setId":2,"iconIdx":32},{"icon":{"paths":["M712.533 230.4v597.333c0 29.867-34.133 46.933-59.733 29.867l-200.533-174.933c-4.267-4.267-12.8-8.533-21.333-8.533h-136.533c-21.333 0-38.4-17.067-38.4-34.133v-221.867c0-21.333 17.067-34.133 38.4-34.133h136.533c8.533 0 17.067-4.267 21.333-8.533l204.8-174.933c21.333-17.067 55.467 0 55.467 29.867z"],"attrs":[{}],"isMulticolor":false,"isMulticolor2":false,"grid":0,"tags":["volumn-quieter"],"colorPermutations":{"223001255255255172211501":[]}},"attrs":[{}],"properties":{"order":96,"id":9,"name":"volumn-quieter","prevSize":32,"code":59650},"setIdx":0,"setId":2,"iconIdx":33},{"icon":{"paths":["M541.867 230.4v597.333c0 29.867-34.133 46.933-59.733 29.867l-200.533-174.933c-4.267-4.267-12.8-8.533-21.333-8.533h-136.533c-21.333 0-38.4-17.067-38.4-34.133v-221.867c0-21.333 17.067-34.133 38.4-34.133h136.533c8.533 0 17.067-4.267 21.333-8.533l204.8-174.933c21.333-17.067 55.467 0 55.467 29.867z","M699.733 699.733c-8.533 0-17.067-4.267-21.333-8.533-12.8-12.8-12.8-34.133 0-46.933 29.867-29.867 51.2-72.533 51.2-119.467s-17.067-85.333-51.2-119.467c-12.8-12.8-12.8-34.133 0-46.933s34.133-12.8 46.933 0c42.667 42.667 68.267 102.4 68.267 162.133 0 64-25.6 119.467-68.267 162.133-8.533 17.067-17.067 17.067-25.6 17.067z","M819.2 819.2c-8.533 0-17.067-4.267-21.333-8.533-12.8-12.8-12.8-34.133 0-46.933 132.267-132.267 132.267-345.6 0-477.867-12.8-12.8-12.8-34.133 0-46.933s34.133-12.8 46.933 0c76.8 76.8 119.467 174.933 119.467 281.6s-42.667 209.067-119.467 281.6c-12.8 17.067-17.067 17.067-25.6 17.067z"],"attrs":[{},{},{}],"isMulticolor":false,"isMulticolor2":false,"grid":0,"tags":["volumn-louder"],"colorPermutations":{"223001255255255172211501":[]}},"attrs":[{},{},{}],"properties":{"order":97,"id":8,"name":"volumn-louder","prevSize":32,"code":59651},"setIdx":0,"setId":2,"iconIdx":34},{"icon":{"paths":["M802.133 268.8v486.4c0 17.067-12.8 25.6-25.6 25.6-17.067 0-25.6-12.8-25.6-25.6v-200.533l-456.533 213.333c-17.067 8.533-38.4-4.267-38.4-25.6v-460.8c0-21.333 21.333-34.133 38.4-25.6l452.267 213.333v-200.533c0-17.067 12.8-25.6 25.6-25.6 17.067 0 29.867 12.8 29.867 25.6z"],"attrs":[{}],"isMulticolor":false,"isMulticolor2":false,"grid":0,"tags":["player-end"],"colorPermutations":{"223001255255255172211501":[]}},"attrs":[{}],"properties":{"order":98,"id":7,"name":"player-end","prevSize":32,"code":59652},"setIdx":0,"setId":2,"iconIdx":35},{"icon":{"paths":["M763.733 281.6v465.067c0 21.333-21.333 34.133-38.4 25.6l-452.267-217.6v196.267c0 17.067-12.8 25.6-25.6 25.6s-29.867-8.533-29.867-21.333v-486.4c0-17.067 12.8-25.6 25.6-25.6s29.867 12.8 29.867 25.6v200.533l452.267-213.333c21.333-8.533 38.4 4.267 38.4 25.6z"],"attrs":[{}],"isMulticolor":false,"isMulticolor2":false,"grid":0,"tags":["player-start"],"colorPermutations":{"223001255255255172211501":[]}},"attrs":[{}],"properties":{"order":99,"id":6,"name":"player-start","prevSize":32,"code":59653},"setIdx":0,"setId":2,"iconIdx":36},{"icon":{"paths":["M618.667 742.4v-460.8c0-21.333-21.333-34.133-38.4-25.6l-490.667 230.4c-21.333 8.533-21.333 38.4 0 51.2l490.667 230.4c17.067 8.533 38.4-4.267 38.4-25.6z","M960 780.8h-12.8c-12.8 0-21.333-8.533-21.333-21.333v-494.933c0-12.8 8.533-21.333 21.333-21.333h12.8c12.8 0 21.333 8.533 21.333 21.333v494.933c0 12.8-8.533 21.333-21.333 21.333z","M776.533 780.8h-8.533c-12.8 0-21.333-8.533-21.333-21.333v-494.933c0-12.8 8.533-21.333 21.333-21.333h12.8c12.8 0 21.333 8.533 21.333 21.333v494.933c-4.267 12.8-12.8 21.333-25.6 21.333z"],"attrs":[{},{},{}],"isMulticolor":false,"isMulticolor2":false,"grid":0,"tags":["player-10-back"],"colorPermutations":{"223001255255255172211501":[]}},"attrs":[{},{},{}],"properties":{"order":100,"id":5,"name":"player-10-back","prevSize":32,"code":59654},"setIdx":0,"setId":2,"iconIdx":37},{"icon":{"paths":["M405.333 742.4v-460.8c0-21.333 21.333-34.133 38.4-25.6l490.667 230.4c21.333 8.533 21.333 38.4 0 51.2l-490.667 230.4c-17.067 8.533-38.4-4.267-38.4-25.6z","M64 780.8h12.8c12.8 0 21.333-8.533 21.333-21.333v-494.933c0-12.8-8.533-21.333-21.333-21.333h-12.8c-12.8 0-21.333 8.533-21.333 21.333v494.933c0 12.8 8.533 21.333 21.333 21.333z","M247.467 780.8h8.533c12.8 0 21.333-8.533 21.333-21.333v-494.933c0-12.8-8.533-21.333-21.333-21.333h-8.533c-12.8 0-21.333 8.533-21.333 21.333v494.933c-4.267 12.8 8.533 21.333 21.333 21.333z"],"attrs":[{},{},{}],"isMulticolor":false,"isMulticolor2":false,"grid":0,"tags":["player-10-forward"],"colorPermutations":{"223001255255255172211501":[]}},"attrs":[{},{},{}],"properties":{"order":101,"id":4,"name":"player-10-forward","prevSize":32,"code":59655},"setIdx":0,"setId":2,"iconIdx":38},{"icon":{"paths":["M183.467 814.933v-605.867c0-25.6 29.867-42.667 51.2-34.133l644.267 302.933c29.867 12.8 29.867 51.2 0 68.267l-644.267 302.933c-21.333 12.8-51.2-4.267-51.2-34.133z"],"attrs":[{}],"isMulticolor":false,"isMulticolor2":false,"grid":0,"tags":["player-play"],"colorPermutations":{"223001255255255172211501":[]}},"attrs":[{}],"properties":{"order":102,"id":3,"name":"player-play","prevSize":32,"code":59656},"setIdx":0,"setId":2,"iconIdx":39},{"icon":{"paths":["M117.029 768h789.943v87.771h-789.943v-87.771z","M117.029 468.114h789.943v87.771h-789.943v-87.771z","M117.029 160.914h789.943v87.771h-789.943v-87.771z"],"attrs":[{},{},{}],"isMulticolor":false,"isMulticolor2":false,"grid":0,"tags":["view-list"],"colorPermutations":{"223001255255255172211501":[{},{},{}]}},"attrs":[{},{},{}],"properties":{"order":103,"id":2,"name":"view-list","prevSize":32,"code":59657},"setIdx":0,"setId":2,"iconIdx":40},{"icon":{"paths":["M468.114 709.486h387.657c29.257 0 51.2 21.943 51.2 51.2v43.886c0 29.257-21.943 51.2-51.2 51.2h-387.657c-29.257 0-51.2-21.943-51.2-51.2v-36.571c-7.314-29.257 14.629-58.514 51.2-58.514z","M468.114 438.857h387.657c29.257 0 51.2 21.943 51.2 51.2v36.571c0 29.257-21.943 51.2-51.2 51.2h-387.657c-36.571 7.314-58.514-14.629-58.514-43.886v-43.886c0-29.257 21.943-51.2 58.514-51.2z","M468.114 160.914h387.657c29.257 0 51.2 21.943 51.2 51.2v36.571c0 29.257-21.943 51.2-51.2 51.2h-387.657c-29.257 0-51.2-21.943-51.2-51.2v-29.257c-7.314-29.257 14.629-58.514 51.2-58.514z","M175.543 709.486h43.886c29.257 0 51.2 21.943 51.2 51.2v43.886c0 29.257-21.943 51.2-51.2 51.2h-43.886c-29.257 0-51.2-21.943-51.2-51.2v-36.571c-7.314-29.257 14.629-58.514 51.2-58.514z","M175.543 438.857h43.886c29.257 0 51.2 21.943 51.2 51.2v36.571c0 36.571-21.943 58.514-51.2 58.514h-43.886c-36.571 0-58.514-21.943-58.514-51.2v-43.886c0-29.257 21.943-51.2 58.514-51.2z","M175.543 160.914h43.886c29.257 0 51.2 21.943 51.2 51.2v36.571c0 29.257-21.943 51.2-51.2 51.2h-43.886c-29.257 0-51.2-21.943-51.2-51.2v-29.257c-7.314-29.257 14.629-58.514 51.2-58.514z"],"attrs":[{},{},{},{},{},{}],"isMulticolor":false,"isMulticolor2":false,"grid":0,"tags":["view-thumbnail"],"colorPermutations":{"223001255255255172211501":[{},{},{},{},{},{}]}},"attrs":[{},{},{},{},{},{}],"properties":{"order":104,"id":1,"name":"view-thumbnail","prevSize":32,"code":59658},"setIdx":0,"setId":2,"iconIdx":41},{"icon":{"paths":["M650.971 629.029h204.8c29.257 0 51.2 21.943 51.2 51.2v124.343c0 29.257-21.943 51.2-51.2 51.2h-204.8c-29.257 0-51.2-21.943-51.2-51.2v-124.343c0-29.257 21.943-51.2 51.2-51.2z","M650.971 160.914h204.8c29.257 0 51.2 21.943 51.2 51.2v124.343c0 29.257-21.943 51.2-51.2 51.2h-204.8c-29.257 0-51.2-21.943-51.2-51.2v-124.343c0-29.257 21.943-51.2 51.2-51.2z","M168.229 629.029h204.8c29.257 0 51.2 21.943 51.2 51.2v124.343c0 29.257-21.943 51.2-51.2 51.2h-204.8c-29.257 0-51.2-21.943-51.2-51.2v-124.343c0-29.257 21.943-51.2 51.2-51.2z","M168.229 160.914h204.8c29.257 0 51.2 21.943 51.2 51.2v124.343c0 29.257-21.943 51.2-51.2 51.2h-204.8c-29.257 0-51.2-21.943-51.2-51.2v-124.343c0-29.257 21.943-51.2 51.2-51.2z"],"attrs":[{},{},{},{}],"isMulticolor":false,"isMulticolor2":false,"grid":0,"tags":["view-gallery"],"colorPermutations":{"223001255255255172211501":[]}},"attrs":[{},{},{},{}],"properties":{"order":105,"id":0,"name":"view-gallery","prevSize":32,"code":59659},"setIdx":0,"setId":2,"iconIdx":42}],"height":1024,"metadata":{"name":"flight"},"preferences":{"showGlyphs":true,"showQuickUse":true,"showQuickUse2":true,"showSVGs":true,"fontPref":{"prefix":"i-flight-","metadata":{"fontFamily":"flight","majorVersion":1,"minorVersion":0},"metrics":{"emSize":1024,"baseline":6.25,"whitespace":50},"embed":false,"showSelector":true,"showMetrics":true,"showMetadata":true},"imagePref":{"prefix":"icon-","png":true,"useClassSelector":true,"color":0,"bgColor":16777215,"classSelector":".icon","name":"icomoon"},"historySize":50,"showCodes":true,"gridSize":16}}